{"cameraMode":{"drawMode":0,"name":"Shaded","section":"Shading Mode"},"sceneLighting":true,"audioPlay":false,"sceneViewState":{"showFog":true,"showMaterialUpdate":false,"showSkybox":true,"showFlares":true,"showImageEffects":true,"showParticleSystems":true},"in2DMode":false,"pivot":{"x":4.653374671936035,"y":10.112289428710938,"z":-41.27534866333008},"rotation":{"x":0.06625938415527344,"y":0.0122834462672472,"z":-0.000802794354967773,"w":0.9977611303329468},"size":0.08301854133605957,"orthographic":false}