{"cameraMode":{"drawMode":0,"name":"Shaded","section":"Shading Mode"},"sceneLighting":false,"audioPlay":false,"sceneViewState":{"showFog":true,"showMaterialUpdate":false,"showSkybox":false,"showFlares":true,"showImageEffects":true,"showParticleSystems":true},"in2DMode":false,"pivot":{"x":1.912180781364441,"y":4.091493129730225,"z":2.89136004447937},"rotation":{"x":-0.09303289651870728,"y":0.05551169812679291,"z":-0.005212139338254929,"w":-0.9941418766975403},"size":4.124577045440674,"orthographic":false}